user_id,diabetes_type,insulin_regimen,sub_type,carb_sensitivity,insulin_sensitivity,base_glucose,logging_compliance,uses_bolus
1,type1,mdi,t1_mdi,0.887,14.97,126.2,0.699,1
2,type1,mdi,t1_mdi,1.124,15.77,118.8,0.563,1
3,type2,intensive,t2_intensive,1.031,5.94,128.5,0.741,1
4,type2,basal,t2_basal,1.112,8.76,135.5,0.9,0
5,type2,oral,t2_oral,1.125,0.0,135.1,0.923,0
6,type2,oral,t2_oral,0.838,0.0,138.0,0.502,0
7,type2,basal,t2_basal,1.038,8.78,122.0,0.91,0
8,type2,intensive,t2_intensive,1.0,5.38,127.4,0.67,1
9,type1,mdi,t1_mdi,0.976,11.43,120.3,0.525,1
10,type2,intensive,t2_intensive,0.915,8.03,136.8,0.877,1
11,type2,oral,t2_oral,0.92,0.0,121.6,0.864,0
12,type2,intensive,t2_intensive,0.747,8.03,118.3,0.5,1
13,type2,intensive,t2_intensive,0.722,7.11,117.7,0.896,1
14,type2,oral,t2_oral,1.211,0.0,135.9,0.883,0
15,type1,pump,t1_pump,1.165,11.95,112.0,0.772,1
16,type2,basal,t2_basal,1.244,7.62,126.8,0.554,0
17,type2,intensive,t2_intensive,0.771,5.06,114.5,0.801,1
18,type2,basal,t2_basal,1.172,8.35,132.3,0.725,0
19,type2,basal,t2_basal,0.739,7.6,129.9,0.81,0
20,type2,intensive,t2_intensive,0.938,7.57,123.6,0.832,1
21,type1,pump,t1_pump,1.003,15.86,115.8,0.514,1
22,type2,oral,t2_oral,1.104,0.0,139.6,0.739,0
23,type1,mdi,t1_mdi,1.158,10.85,115.5,0.835,1
24,type1,pump,t1_pump,0.941,12.59,102.9,0.894,1
25,type2,oral,t2_oral,1.242,0.0,131.5,0.469,0
26,type1,mdi,t1_mdi,1.185,15.84,125.4,0.871,1
27,type2,basal,t2_basal,1.148,6.37,122.7,0.591,0
28,type2,basal,t2_basal,1.138,5.54,144.5,0.816,0
29,type2,basal,t2_basal,1.112,8.8,120.2,0.485,0
30,type1,pump,t1_pump,1.139,13.87,121.8,0.671,1
31,type2,intensive,t2_intensive,1.111,7.95,132.0,0.728,1
32,type1,mdi,t1_mdi,1.008,15.21,122.9,0.467,1
33,type2,intensive,t2_intensive,1.034,5.89,121.0,0.913,1
34,type2,oral,t2_oral,0.942,0.0,120.1,0.757,0
35,type1,pump,t1_pump,1.201,10.93,103.3,0.733,1
36,type2,basal,t2_basal,1.143,7.12,145.3,0.77,0
37,type1,mdi,t1_mdi,0.971,11.64,124.2,0.854,1
38,type2,basal,t2_basal,1.112,8.29,132.2,0.458,0
39,type1,mdi,t1_mdi,1.249,11.43,125.9,0.468,1
40,type2,oral,t2_oral,1.02,0.0,137.9,0.913,0
41,type1,mdi,t1_mdi,0.796,12.66,128.0,0.814,1
42,type1,pump,t1_pump,1.04,13.5,102.4,0.641,1
43,type2,oral,t2_oral,0.774,0.0,133.8,0.714,0
44,type2,oral,t2_oral,0.876,0.0,138.3,0.741,0
45,type1,mdi,t1_mdi,0.977,12.66,127.3,0.937,1
46,type1,mdi,t1_mdi,0.913,15.71,109.5,0.757,1
47,type2,basal,t2_basal,0.764,8.14,125.2,0.725,0
48,type1,pump,t1_pump,1.11,13.51,110.1,0.742,1
49,type1,mdi,t1_mdi,1.065,10.86,129.4,0.482,1
50,type1,mdi,t1_mdi,0.882,14.7,121.1,0.466,1
51,type2,intensive,t2_intensive,1.046,5.52,121.9,0.667,1
52,type2,basal,t2_basal,0.944,5.47,147.0,0.481,0
53,type1,mdi,t1_mdi,1.211,16.42,123.8,0.731,1
54,type1,mdi,t1_mdi,1.164,11.96,122.2,0.74,1
55,type1,mdi,t1_mdi,1.198,10.35,123.3,0.692,1
56,type2,basal,t2_basal,0.841,9.26,136.5,0.845,0
57,type1,mdi,t1_mdi,0.87,14.7,130.4,0.824,1
58,type1,pump,t1_pump,0.839,13.07,104.3,0.934,1
59,type2,basal,t2_basal,1.203,8.06,127.3,0.761,0
60,type1,mdi,t1_mdi,0.726,12.52,129.2,0.892,1
61,type1,mdi,t1_mdi,1.204,13.82,109.7,0.591,1
62,type1,mdi,t1_mdi,0.942,13.09,120.2,0.596,1
63,type1,mdi,t1_mdi,0.989,15.62,121.0,0.521,1
64,type1,mdi,t1_mdi,1.048,12.31,105.1,0.64,1
65,type1,mdi,t1_mdi,0.906,12.81,109.2,0.941,1
66,type1,mdi,t1_mdi,1.078,14.94,119.9,0.786,1
67,type1,mdi,t1_mdi,0.945,13.57,117.2,0.809,1
68,type2,oral,t2_oral,1.12,0.0,120.8,0.698,0
69,type2,intensive,t2_intensive,0.746,6.67,132.1,0.647,1
70,type2,oral,t2_oral,1.047,0.0,143.2,0.864,0
71,type1,mdi,t1_mdi,1.204,11.26,127.1,0.892,1
72,type1,pump,t1_pump,0.834,14.5,106.5,0.79,1
73,type1,mdi,t1_mdi,0.916,14.94,111.5,0.851,1
74,type2,basal,t2_basal,1.128,9.44,146.8,0.546,0
75,type1,pump,t1_pump,1.236,10.44,112.1,0.751,1
76,type2,oral,t2_oral,1.07,0.0,136.6,0.722,0
77,type2,oral,t2_oral,1.238,0.0,129.5,0.606,0
78,type2,basal,t2_basal,1.081,9.05,120.9,0.652,0
79,type2,basal,t2_basal,1.137,7.82,133.7,0.947,0
80,type2,basal,t2_basal,1.191,6.69,137.9,0.792,0
81,type2,intensive,t2_intensive,1.155,7.27,117.1,0.835,1
82,type2,intensive,t2_intensive,1.179,8.58,135.0,0.466,1
83,type2,basal,t2_basal,0.969,6.12,120.7,0.451,0
84,type2,basal,t2_basal,1.211,5.37,127.8,0.94,0
85,type1,mdi,t1_mdi,0.939,14.4,125.8,0.568,1
86,type2,intensive,t2_intensive,0.937,8.83,116.3,0.69,1
87,type2,intensive,t2_intensive,1.018,6.33,139.7,0.893,1
88,type1,mdi,t1_mdi,1.205,12.79,124.3,0.922,1
89,type1,mdi,t1_mdi,1.132,10.33,129.6,0.594,1
90,type1,pump,t1_pump,1.183,10.34,112.9,0.5,1
91,type2,oral,t2_oral,0.915,0.0,126.0,0.697,0
92,type2,basal,t2_basal,0.914,7.93,142.7,0.573,0
93,type2,oral,t2_oral,0.778,0.0,124.1,0.528,0
94,type1,mdi,t1_mdi,1.12,14.46,113.9,0.467,1
95,type1,mdi,t1_mdi,0.928,16.98,125.0,0.832,1
96,type2,oral,t2_oral,1.23,0.0,139.4,0.844,0
97,type2,oral,t2_oral,0.985,0.0,136.6,0.562,0
98,type2,oral,t2_oral,1.096,0.0,142.2,0.668,0
99,type1,mdi,t1_mdi,1.032,12.88,120.6,0.465,1
100,type2,intensive,t2_intensive,0.736,8.16,127.6,0.759,1
101,type2,intensive,t2_intensive,1.134,7.13,139.8,0.801,1
102,type2,basal,t2_basal,0.731,5.66,133.7,0.691,0
103,type2,oral,t2_oral,1.072,0.0,120.7,0.691,0
104,type1,mdi,t1_mdi,1.147,14.35,124.5,0.721,1
105,type2,basal,t2_basal,0.832,9.23,135.6,0.83,0
106,type2,basal,t2_basal,0.911,7.37,131.8,0.881,0
107,type1,mdi,t1_mdi,0.744,13.98,130.2,0.676,1
108,type2,basal,t2_basal,1.09,7.83,144.6,0.796,0
109,type1,mdi,t1_mdi,1.01,14.05,114.2,0.723,1
110,type2,intensive,t2_intensive,1.052,8.37,127.8,0.553,1
111,type1,pump,t1_pump,0.756,11.72,112.1,0.512,1
112,type2,oral,t2_oral,0.784,0.0,124.7,0.528,0
113,type2,intensive,t2_intensive,1.187,5.87,119.7,0.712,1
114,type1,mdi,t1_mdi,0.969,15.0,121.7,0.699,1
115,type2,intensive,t2_intensive,0.973,8.67,130.5,0.577,1
116,type2,basal,t2_basal,0.827,9.14,143.0,0.535,0
117,type2,oral,t2_oral,0.915,0.0,142.2,0.881,0
118,type1,mdi,t1_mdi,1.209,16.75,124.9,0.955,1
119,type2,oral,t2_oral,0.833,0.0,133.3,0.52,0
120,type2,intensive,t2_intensive,0.731,7.86,114.1,0.895,1
121,type2,basal,t2_basal,0.993,9.07,124.2,0.593,0
122,type1,mdi,t1_mdi,0.937,10.94,105.3,0.819,1
123,type2,oral,t2_oral,1.067,0.0,140.8,0.516,0
124,type1,mdi,t1_mdi,1.03,12.13,107.8,0.902,1
125,type1,mdi,t1_mdi,1.178,15.5,125.8,0.871,1
126,type1,mdi,t1_mdi,1.094,15.57,129.0,0.949,1
127,type2,basal,t2_basal,1.197,9.33,129.0,0.906,0
128,type1,pump,t1_pump,1.239,14.45,115.5,0.724,1
129,type1,mdi,t1_mdi,0.708,10.97,106.1,0.509,1
130,type2,oral,t2_oral,0.801,0.0,129.9,0.716,0
131,type2,basal,t2_basal,1.21,8.22,142.7,0.55,0
132,type2,oral,t2_oral,1.009,0.0,126.6,0.584,0
133,type2,intensive,t2_intensive,0.939,8.72,138.2,0.641,1
134,type2,basal,t2_basal,0.812,9.57,126.9,0.788,0
135,type1,mdi,t1_mdi,0.986,10.95,123.7,0.642,1
136,type2,oral,t2_oral,0.705,0.0,126.2,0.942,0
137,type1,mdi,t1_mdi,0.783,11.11,106.5,0.853,1
138,type2,oral,t2_oral,0.844,0.0,142.1,0.886,0
139,type2,intensive,t2_intensive,1.222,6.56,118.6,0.959,1
140,type1,mdi,t1_mdi,0.841,16.41,122.1,0.498,1
141,type1,mdi,t1_mdi,0.853,16.63,126.2,0.793,1
142,type2,oral,t2_oral,0.831,0.0,136.6,0.914,0
143,type1,mdi,t1_mdi,1.066,14.26,123.5,0.828,1
144,type2,intensive,t2_intensive,1.133,6.99,138.2,0.718,1
145,type1,mdi,t1_mdi,0.747,15.18,120.4,0.945,1
146,type2,oral,t2_oral,1.152,0.0,132.9,0.483,0
147,type2,oral,t2_oral,0.728,0.0,144.9,0.671,0
148,type2,oral,t2_oral,1.117,0.0,143.7,0.471,0
149,type1,mdi,t1_mdi,0.936,16.15,110.7,0.59,1
150,type1,mdi,t1_mdi,1.002,13.36,119.8,0.525,1
151,type1,mdi,t1_mdi,1.173,10.18,120.1,0.907,1
152,type1,mdi,t1_mdi,0.824,14.18,125.6,0.605,1
153,type1,mdi,t1_mdi,0.766,12.86,122.4,0.578,1
154,type2,oral,t2_oral,0.712,0.0,122.2,0.883,0
155,type1,mdi,t1_mdi,0.838,14.75,128.1,0.905,1
156,type2,intensive,t2_intensive,1.132,8.71,118.5,0.779,1
157,type2,basal,t2_basal,0.792,7.52,130.9,0.614,0
158,type2,basal,t2_basal,0.872,9.04,135.0,0.473,0
159,type1,mdi,t1_mdi,1.047,10.79,119.5,0.673,1
160,type1,pump,t1_pump,1.241,14.38,110.8,0.7,1
161,type1,pump,t1_pump,0.789,11.11,110.0,0.748,1
162,type2,intensive,t2_intensive,1.008,6.48,123.7,0.578,1
163,type1,pump,t1_pump,1.011,11.47,107.6,0.587,1
164,type2,basal,t2_basal,0.862,7.95,142.8,0.949,0
165,type1,mdi,t1_mdi,0.89,15.51,112.9,0.749,1
166,type1,mdi,t1_mdi,1.131,16.35,129.2,0.957,1
167,type2,basal,t2_basal,1.034,5.06,126.8,0.593,0
168,type2,oral,t2_oral,0.728,0.0,125.1,0.732,0
169,type1,pump,t1_pump,1.102,12.47,101.8,0.622,1
170,type1,mdi,t1_mdi,1.099,11.76,119.2,0.495,1
171,type2,basal,t2_basal,1.147,8.8,138.0,0.688,0
172,type1,mdi,t1_mdi,1.115,12.93,118.3,0.724,1
173,type2,oral,t2_oral,1.053,0.0,131.6,0.535,0
174,type2,intensive,t2_intensive,0.763,8.54,135.2,0.621,1
175,type2,oral,t2_oral,0.914,0.0,135.8,0.853,0
176,type2,basal,t2_basal,0.863,8.86,122.1,0.644,0
177,type1,mdi,t1_mdi,0.808,12.96,117.8,0.566,1
178,type1,mdi,t1_mdi,0.906,13.06,126.4,0.822,1
179,type1,mdi,t1_mdi,0.971,12.27,122.5,0.942,1
180,type1,pump,t1_pump,0.844,11.91,105.6,0.584,1
181,type1,pump,t1_pump,0.863,14.17,115.9,0.919,1
182,type1,mdi,t1_mdi,0.851,14.08,105.1,0.522,1
183,type2,basal,t2_basal,1.043,6.13,131.4,0.605,0
184,type2,intensive,t2_intensive,0.739,6.33,130.1,0.956,1
185,type2,oral,t2_oral,0.902,0.0,118.9,0.637,0
186,type1,mdi,t1_mdi,1.061,16.16,106.9,0.674,1
187,type2,intensive,t2_intensive,0.954,5.95,117.1,0.89,1
188,type2,oral,t2_oral,1.213,0.0,126.5,0.466,0
189,type2,oral,t2_oral,1.1,0.0,136.7,0.953,0
190,type2,basal,t2_basal,1.005,5.62,125.9,0.911,0
191,type2,intensive,t2_intensive,1.03,5.39,136.4,0.93,1
192,type1,pump,t1_pump,0.838,12.87,104.2,0.567,1
193,type2,intensive,t2_intensive,1.022,8.75,135.1,0.614,1
194,type2,basal,t2_basal,0.924,7.44,146.1,0.593,0
195,type2,oral,t2_oral,1.043,0.0,138.5,0.538,0
196,type2,oral,t2_oral,1.02,0.0,139.4,0.547,0
197,type2,basal,t2_basal,0.961,5.96,137.8,0.879,0
198,type1,mdi,t1_mdi,1.221,13.96,123.5,0.708,1
199,type1,mdi,t1_mdi,1.089,14.29,124.2,0.623,1
200,type2,basal,t2_basal,0.915,8.5,136.1,0.909,0
